日期,星期,时间段,任务内容,项目分类,优先级,状态,备注
2026-03-23,周一,上午(9:00-12:00),审查上周工作完成情况,计划制定,高,待办,
2026-03-23,周一,上午(9:00-12:00),制定本周详细工作计划,计划制定,高,待办,
2026-03-23,周一,上午(9:00-12:00),检查OpenClaw系统状态,系统维护,高,待办,
2026-03-23,周一,上午(9:00-12:00),运行完整系统诊断,系统维护,中,待办,
2026-03-23,周一,下午(14:00-18:00),L-Intelligence项目进展检查,项目开发,高,待办,
2026-03-23,周一,下午(14:00-18:00),股票监控系统数据更新,项目开发,高,待办,
2026-03-23,周一,下午(14:00-18:00),整理技术文档,文档管理,中,待办,
2026-03-23,周一,下午(14:00-18:00),备份重要数据,数据管理,高,待办,
2026-03-24,周二,上午(9:00-12:00),优化OpenClaw心跳检查系统,系统优化,高,待办,
2026-03-24,周二,上午(9:00-12:00),配置AI图像生成环境,技术配置,中,待办,
2026-03-24,周二,上午(9:00-12:00),测试系统稳定性,系统测试,中,待办,
2026-03-24,周二,下午(14:00-18:00),微信插件问题解决方案研究,问题解决,高,待办,
2026-03-24,周二,下午(14:00-18:00),多平台通信渠道优化,系统优化,中,待办,
2026-03-24,周二,下午(14:00-18:00),编写技术问题总结报告,文档管理,中,待办,
2026-03-25,周三,上午(9:00-12:00),L-Intelligence项目功能开发,项目开发,高,待办,
2026-03-25,周三,上午(9:00-12:00),图像生成模块测试,项目测试,高,待办,
2026-03-25,周三,上午(9:00-12:00),代码优化与重构,代码优化,中,待办,
2026-03-25,周三,下午(14:00-18:00),股票监控系统功能增强,项目开发,高,待办,
2026-03-25,周三,下午(14:00-18:00),数据分析算法优化,算法优化,中,待办,
2026-03-25,周三,下午(14:00-18:00),项目文档更新,文档管理,中,待办,
2026-03-26,周四,上午(9:00-12:00),AI技术学习（图像生成/自然语言处理）,学习提升,中,待办,
2026-03-26,周四,上午(9:00-12:00),研究新的自动化工具,技术研究,中,待办,
2026-03-26,周四,上午(9:00-12:00),技术博客阅读,学习提升,低,待办,
2026-03-26,周四,下午(14:00-18:00),实践项目：尝试新的AI应用,实践练习,中,待办,
2026-03-26,周四,下午(14:00-18:00),技能练习与实验,实践练习,中,待办,
2026-03-26,周四,下午(14:00-18:00),学习笔记整理,文档管理,中,待办,
2026-03-27,周五,上午(9:00-12:00),本周工作成果总结,总结复盘,高,待办,
2026-03-27,周五,上午(9:00-12:00),问题与解决方案记录,文档管理,高,待办,
2026-03-27,周五,上午(9:00-12:00),下周初步规划,计划制定,中,待办,
2026-03-27,周五,下午(14:00-18:00),系统维护与清理,系统维护,中,待办,
2026-03-27,周五,下午(14:00-18:00),数据备份与归档,数据管理,高,待办,
2026-03-27,周五,下午(14:00-18:00),工作环境整理,环境管理,低,待办,
2026-03-28,周六,灵活安排,技术兴趣项目探索,兴趣探索,低,待办,
2026-03-28,周六,灵活安排,创意想法实践,创意实践,低,待办,
2026-03-28,周六,灵活安排,休息与放松,休息调整,低,待办,
2026-03-29,周日,灵活安排,下周准备工作,计划准备,中,待办,
2026-03-29,周日,灵活安排,个人事务处理,个人事务,中,待办,
2026-03-29,周日,灵活安排,休息调整,休息调整,低,待办,